candidate,val_accuracy,val_macro_f1,val_critical_recall,fit_seconds,selected
"xgboost[learning_rate=0.1,max_depth=6,n_estimators=300]",0.7170,0.7162,0.7896,35.65,True
"xgboost[learning_rate=0.1,max_depth=6,n_estimators=300]+cw",0.7170,0.7162,0.7896,38.55,False
"xgboost[learning_rate=0.1,max_depth=4,n_estimators=300]+cw",0.7123,0.7112,0.7804,29.78,False
"xgboost[learning_rate=0.1,max_depth=4,n_estimators=300]",0.7123,0.7112,0.7804,188.58,False
"gradient_boosting[learning_rate=0.1,max_depth=5,n_estimators=200]",0.7075,0.7101,0.7588,467.92,False
"gradient_boosting[learning_rate=0.1,max_depth=5,n_estimators=200]+cw",0.7075,0.7101,0.7588,493.62,False
"extra_trees[min_samples_leaf=1,n_estimators=500]",0.7028,0.6990,0.8092,1.11,False
"extra_trees[min_samples_leaf=1,n_estimators=500]+cw",0.7028,0.6990,0.8092,1.15,False
"random_forest[max_depth=20,min_samples_leaf=1,n_estimators=500]+cw",0.6958,0.6939,0.7900,2.0,False
"random_forest[max_depth=20,min_samples_leaf=1,n_estimators=500]",0.6958,0.6939,0.7900,2.15,False
"random_forest[min_samples_leaf=1,n_estimators=500]+cw",0.6958,0.6935,0.7855,1.95,False
"random_forest[min_samples_leaf=1,n_estimators=500]",0.6958,0.6935,0.7855,2.22,False
"random_forest[max_depth=20,min_samples_leaf=2,n_estimators=500]",0.6863,0.6846,0.7802,2.03,False
"random_forest[max_depth=20,min_samples_leaf=2,n_estimators=500]+cw",0.6863,0.6846,0.7802,2.06,False
"random_forest[min_samples_leaf=2,n_estimators=500]+cw",0.6840,0.6824,0.7756,1.88,False
"random_forest[min_samples_leaf=2,n_estimators=500]",0.6840,0.6824,0.7756,2.13,False
"gradient_boosting[learning_rate=0.1,max_depth=3,n_estimators=200]+cw",0.6792,0.6823,0.7487,211.75,False
"gradient_boosting[learning_rate=0.1,max_depth=3,n_estimators=200]",0.6792,0.6823,0.7487,225.24,False
"extra_trees[min_samples_leaf=2,n_estimators=500]+cw",0.6769,0.6729,0.7906,1.0,False
"extra_trees[min_samples_leaf=2,n_estimators=500]",0.6769,0.6729,0.7906,1.12,False
"svm_rbf[C=100.0,gamma=scale]",0.6509,0.6242,0.7019,1.36,False
"svm_rbf[C=100.0,gamma=scale]+cw",0.6509,0.6242,0.7019,1.57,False
"svm_rbf[C=10.0,gamma=scale]+cw",0.6368,0.6027,0.7017,1.2,False
"svm_rbf[C=10.0,gamma=scale]",0.6368,0.6027,0.7017,1.31,False
"svm_rbf[C=1.0,gamma=scale]+cw",0.6132,0.5866,0.7073,1.41,False
"svm_rbf[C=1.0,gamma=scale]",0.6132,0.5866,0.7073,1.56,False
