audio_id,filename,class_label,source,source_url,licence,author,date_fetched,duration_sec,sampling_rate,channels,recording_environment,recording_device,approximate_distance,original_or_augmented,parent_audio_id,segment_start_sec,segment_end_sec,sha256,dataset_split,seed,audio_provenance,sim_environment,sim_distance_m,sim_intensity,sim_interference,notes
SS-AGG-0700,synthetic/aggression/SS-AGG-0700.wav,Aggression,procedural_synthesis:data/generate_corpus.py,,CC0-1.0,sonicsentinel procedural synthesis (data/generate_corpus.py),2026-09-23,3.242,16000,1,vehicle,smartphone_builtin,far,original,,,,dd53b42125bacb622f1bd9bef9500a9bcc430801f4ffae728d464f41aece9333,,2915738390,synthetic,car_interior,32.05,loud,moderate,intensity=loud;interference=moderate;distance_band=far_20-60m;synthetic=true
SS-AGG-0701,synthetic/aggression/SS-AGG-0701.wav,Aggression,procedural_synthesis:data/generate_corpus.py,,CC0-1.0,sonicsentinel procedural synthesis (data/generate_corpus.py),2026-09-23,3.586,16000,1,indoor,cctv_mic,medium,original,,,,e0dbf2138dc0b536bc5da44636d2f453fc29d473f7a0673fbdbd18b128b3e5ed,,2402508223,synthetic,indoor_hall,14.57,loud,moderate,intensity=loud;interference=moderate;distance_band=mid_3-15m;synthetic=true
SS-AGG-0702,synthetic/aggression/SS-AGG-0702.wav,Aggression,procedural_synthesis:data/generate_corpus.py,,CC0-1.0,sonicsentinel procedural synthesis (data/generate_corpus.py),2026-09-23,3.08,16000,1,indoor,cctv_mic,medium,original,,,,000a8148729079adc3a063f18277809896620d2b64ff4624d05409db97dd59f5,,2950651704,synthetic,indoor_room,13.02,quiet,moderate,intensity=quiet;interference=moderate;distance_band=mid_3-15m;synthetic=true
SS-AGG-0703,synthetic/aggression/SS-AGG-0703.wav,Aggression,procedural_synthesis:data/generate_corpus.py,,CC0-1.0,sonicsentinel procedural synthesis (data/generate_corpus.py),2026-09-23,3.946,16000,1,indoor,tablet_builtin,medium,original,,,,b020223d3159287d6abef8de6a62acd0d39dd65e417184da231fe0827da3fb76,,1442868043,synthetic,indoor_room,7.59,normal,noisy,intensity=normal;interference=noisy;distance_band=mid_3-15m;synthetic=true
SS-AGG-0704,synthetic/aggression/SS-AGG-0704.wav,Aggression,procedural_synthesis:data/generate_corpus.py,,CC0-1.0,sonicsentinel procedural synthesis (data/generate_corpus.py),2026-09-23,3.856,16000,1,indoor,smartphone_builtin,far,original,,,,bf3fb4a20b7c04a216e83e807ccf70ee7da0635792f4a0e032099c61e846d608,,3642059355,synthetic,indoor_room,52.5,normal,moderate,intensity=normal;interference=moderate;distance_band=far_20-60m;overlap_with=Person Asking for Help;synthetic=true
SS-AGG-0705,synthetic/aggression/SS-AGG-0705.wav,Aggression,procedural_synthesis:data/generate_corpus.py,,CC0-1.0,sonicsentinel procedural synthesis (data/generate_corpus.py),2026-09-23,4.444,16000,1,indoor,tablet_builtin,medium,original,,,,92c11f9314609911d4e081ed70c8279bd74f1eb28b4a846ce399816f40bae12e,,3191667004,synthetic,indoor_room,9.59,normal,clean,intensity=normal;interference=clean;distance_band=mid_3-15m;synthetic=true
SS-AGG-0706,synthetic/aggression/SS-AGG-0706.wav,Aggression,procedural_synthesis:data/generate_corpus.py,,CC0-1.0,sonicsentinel procedural synthesis (data/generate_corpus.py),2026-09-23,5.829,16000,1,indoor,smartphone_builtin,near,original,,,,57aab9ecade05a8d15bb96108b3c09b32743a5569de5e4a59c71f6a8d5c0aa5c,,51740734,synthetic,indoor_hall,1.31,loud,moderate,intensity=loud;interference=moderate;distance_band=near_0.5-2m;synthetic=true
SS-AGG-0707,synthetic/aggression/SS-AGG-0707.wav,Aggression,procedural_synthesis:data/generate_corpus.py,,CC0-1.0,sonicsentinel procedural synthesis (data/generate_corpus.py),2026-09-23,2.967,16000,1,indoor,tablet_builtin,near,original,,,,cb203cebd2ed9fd2b72dea158dfa3032fcdfd1e4b4f64c523e7e184eb54e4407,,1006280513,synthetic,indoor_room,1.75,loud,clean,intensity=loud;interference=clean;distance_band=near_0.5-2m;synthetic=true
SS-AGG-0708,synthetic/aggression/SS-AGG-0708.wav,Aggression,procedural_synthesis:data/generate_corpus.py,,CC0-1.0,sonicsentinel procedural synthesis (data/generate_corpus.py),2026-09-23,2.12,16000,1,vehicle,smartphone_builtin,medium,original,,,,64365b3122c87448401e1141e29586b92f4b56ccff847b61109b69db1fbab18d,,2601111528,synthetic,car_interior,3.7,clipped,noisy,intensity=clipped;interference=noisy;distance_band=mid_3-15m;synthetic=true
SS-AGG-0709,synthetic/aggression/SS-AGG-0709.wav,Aggression,procedural_synthesis:data/generate_corpus.py,,CC0-1.0,sonicsentinel procedural synthesis (data/generate_corpus.py),2026-09-23,2.206,16000,1,outdoor,usb_condenser_mic,far,original,,,,6181ec9e5cd31ed0a59994611758ca6d0ab59b603928d9c5c2ca5f7d3cf14c47,,2889150904,synthetic,outdoor_street,21.37,loud,noisy,intensity=loud;interference=noisy;distance_band=far_20-60m;synthetic=true
SS-AGG-0710,synthetic/aggression/SS-AGG-0710.wav,Aggression,procedural_synthesis:data/generate_corpus.py,,CC0-1.0,sonicsentinel procedural synthesis (data/generate_corpus.py),2026-09-23,2.528,16000,1,outdoor,tablet_builtin,near,original,,,,9deca472e61f7c99d0abafae6bba23ac8ae7400ac95d625c2047b0a625bf2ad2,,3160422614,synthetic,outdoor_street,0.77,normal,moderate,intensity=normal;interference=moderate;distance_band=near_0.5-2m;synthetic=true
SS-AGG-0711,synthetic/aggression/SS-AGG-0711.wav,Aggression,procedural_synthesis:data/generate_corpus.py,,CC0-1.0,sonicsentinel procedural synthesis (data/generate_corpus.py),2026-09-23,4.659,16000,1,outdoor,usb_condenser_mic,near,original,,,,c42485b0149ef561f66d10e9b26e434f3bc004daff9a54c8c4114236ffaaea5f,,3809325911,synthetic,outdoor_open,1.39,normal,moderate,intensity=normal;interference=moderate;distance_band=near_0.5-2m;synthetic=true
SS-AGG-0712,synthetic/aggression/SS-AGG-0712.wav,Aggression,procedural_synthesis:data/generate_corpus.py,,CC0-1.0,sonicsentinel procedural synthesis (data/generate_corpus.py),2026-09-23,3.522,16000,1,indoor,usb_condenser_mic,far,original,,,,79a1122ff5af08f9ea85a6d29f0624fa047fbb09da7d8cd45eba8b207fda4bd4,,3372315827,synthetic,indoor_room,41.51,normal,moderate,intensity=normal;interference=moderate;distance_band=far_20-60m;synthetic=true
SS-AGG-0713,synthetic/aggression/SS-AGG-0713.wav,Aggression,procedural_synthesis:data/generate_corpus.py,,CC0-1.0,sonicsentinel procedural synthesis (data/generate_corpus.py),2026-09-23,4.181,16000,1,outdoor,smartphone_builtin,far,original,,,,c538b33ab44796aa4a45bf7aa59324de70c37fb7945e0d8f43da410113171fe9,,136668817,synthetic,outdoor_open,59.72,normal,noisy,intensity=normal;interference=noisy;distance_band=far_20-60m;synthetic=true
SS-AGG-0714,synthetic/aggression/SS-AGG-0714.wav,Aggression,procedural_synthesis:data/generate_corpus.py,,CC0-1.0,sonicsentinel procedural synthesis (data/generate_corpus.py),2026-09-23,2.406,16000,1,outdoor,cctv_mic,near,original,,,,b3c93465a354e3508b347468a351d894b9e029f1534188ef111901f46ee97649,,2950648315,synthetic,outdoor_street,1.62,quiet,moderate,intensity=quiet;interference=moderate;distance_band=near_0.5-2m;overlap_with=Glass Breaking;synthetic=true
SS-AGG-0715,synthetic/aggression/SS-AGG-0715.wav,Aggression,procedural_synthesis:data/generate_corpus.py,,CC0-1.0,sonicsentinel procedural synthesis (data/generate_corpus.py),2026-09-23,2.48,16000,1,outdoor,smartphone_builtin,medium,original,,,,e68b5e93158f0748dffddf773af7080ce81216d23be6c7d9358163874e002f63,,1454348039,synthetic,outdoor_street,12.63,loud,clean,intensity=loud;interference=clean;distance_band=mid_3-15m;synthetic=true
SS-AGG-0716,synthetic/aggression/SS-AGG-0716.wav,Aggression,procedural_synthesis:data/generate_corpus.py,,CC0-1.0,sonicsentinel procedural synthesis (data/generate_corpus.py),2026-09-23,5.024,16000,1,vehicle,lavalier_mic,near,original,,,,84c6e7caa3bf47ee9f79325ea8caa5afac5ef65e36c8e656924dd8a40c144298,,512839739,synthetic,car_interior,0.74,loud,clean,intensity=loud;interference=clean;distance_band=near_0.5-2m;synthetic=true
SS-AGG-0717,synthetic/aggression/SS-AGG-0717.wav,Aggression,procedural_synthesis:data/generate_corpus.py,,CC0-1.0,sonicsentinel procedural synthesis (data/generate_corpus.py),2026-09-23,5.922,16000,1,indoor,smartphone_builtin,near,original,,,,caff2b069bd26c2adc836f6b660b37f66623856e9674fac7af1ed28a9c44c84f,,4140585063,synthetic,indoor_room,1.35,clipped,clean,intensity=clipped;interference=clean;distance_band=near_0.5-2m;synthetic=true
SS-AGG-0718,synthetic/aggression/SS-AGG-0718.wav,Aggression,procedural_synthesis:data/generate_corpus.py,,CC0-1.0,sonicsentinel procedural synthesis (data/generate_corpus.py),2026-09-23,1.811,16000,1,outdoor,tablet_builtin,medium,original,,,,748f647a3c7722d07db2812fe3e5732e6e0e650d1d414e6e28fbd06af7886917,,3881529171,synthetic,outdoor_street,7.68,normal,moderate,intensity=normal;interference=moderate;distance_band=mid_3-15m;synthetic=true
SS-AGG-0719,synthetic/aggression/SS-AGG-0719.wav,Aggression,procedural_synthesis:data/generate_corpus.py,,CC0-1.0,sonicsentinel procedural synthesis (data/generate_corpus.py),2026-09-23,1.791,16000,1,indoor,field_recorder,far,original,,,,60c025b55455f60f085ecb9ae05d6fb14bbffaff6334798c2909dc074dcc6e6a,,3909549357,synthetic,indoor_room,32.1,loud,noisy,intensity=loud;interference=noisy;distance_band=far_20-60m;synthetic=true
SS-AGG-0720,synthetic/aggression/SS-AGG-0720.wav,Aggression,procedural_synthesis:data/generate_corpus.py,,CC0-1.0,sonicsentinel procedural synthesis (data/generate_corpus.py),2026-09-23,3.697,44100,1,vehicle,smartphone_builtin,near,original,,,,c37ecc992c7b699c6ff49d654a129223e8f86afe4531e104fd291869775fa996,,3501194378,synthetic,car_interior,1.39,normal,clean,intensity=normal;interference=clean;distance_band=near_0.5-2m;synthetic=true
SS-AGG-0721,synthetic/aggression/SS-AGG-0721.wav,Aggression,procedural_synthesis:data/generate_corpus.py,,CC0-1.0,sonicsentinel procedural synthesis (data/generate_corpus.py),2026-09-23,4.573,16000,1,indoor,cctv_mic,medium,original,,,,74d36944d7cf5f6055cf5058a720497f78d3d37b6c5db1e6fea8016e34a71197,,4248004888,synthetic,indoor_room,8.06,loud,moderate,intensity=loud;interference=moderate;distance_band=mid_3-15m;synthetic=true
SS-AGG-0722,synthetic/aggression/SS-AGG-0722.wav,Aggression,procedural_synthesis:data/generate_corpus.py,,CC0-1.0,sonicsentinel procedural synthesis (data/generate_corpus.py),2026-09-23,5.032,16000,1,indoor,field_recorder,medium,original,,,,3f27ffb0acd617f453793421f2bdda6a1616e68af86be09146c85b205abc7da1,,4063825055,synthetic,indoor_room,13.73,loud,moderate,intensity=loud;interference=moderate;distance_band=mid_3-15m;overlap_with=Panic Scream;synthetic=true
SS-AGG-0723,synthetic/aggression/SS-AGG-0723.wav,Aggression,procedural_synthesis:data/generate_corpus.py,,CC0-1.0,sonicsentinel procedural synthesis (data/generate_corpus.py),2026-09-23,4.491,16000,1,indoor,cctv_mic,medium,original,,,,d1dffbdfc6662e30acaef7c005380b507369eef7bd5418e1fe2cbe0027fa4bc8,,3960413185,synthetic,indoor_room,14.12,normal,noisy,intensity=normal;interference=noisy;distance_band=mid_3-15m;synthetic=true
SS-AGG-0724,synthetic/aggression/SS-AGG-0724.wav,Aggression,procedural_synthesis:data/generate_corpus.py,,CC0-1.0,sonicsentinel procedural synthesis (data/generate_corpus.py),2026-09-23,5.691,16000,1,outdoor,tablet_builtin,medium,original,,,,5832119907efb5dd022396ada941023e62c437087a871d8e4a46ab69cc0608af,,116602761,synthetic,outdoor_street,8.12,normal,clean,intensity=normal;interference=clean;distance_band=mid_3-15m;synthetic=true
SS-AGG-0725,synthetic/aggression/SS-AGG-0725.wav,Aggression,procedural_synthesis:data/generate_corpus.py,,CC0-1.0,sonicsentinel procedural synthesis (data/generate_corpus.py),2026-09-23,5.322,16000,1,vehicle,cctv_mic,far,original,,,,49e4cd742ceb43daf887babfc3c3387e1efe5e01c641219414d66a39e877726a,,49640217,synthetic,car_interior,23.37,loud,clean,intensity=loud;interference=clean;distance_band=far_20-60m;synthetic=true
SS-AGG-0726,synthetic/aggression/SS-AGG-0726.wav,Aggression,procedural_synthesis:data/generate_corpus.py,,CC0-1.0,sonicsentinel procedural synthesis (data/generate_corpus.py),2026-09-23,2.498,16000,1,indoor,smartphone_builtin,far,original,,,,201d8fa92645f72c515b114c2164ebd476fc2c375119ca64afa483669b904d02,,3195631754,synthetic,indoor_hall,49.79,clipped,clean,intensity=clipped;interference=clean;distance_band=far_20-60m;synthetic=true
SS-AGG-0727,synthetic/aggression/SS-AGG-0727.wav,Aggression,procedural_synthesis:data/generate_corpus.py,,CC0-1.0,sonicsentinel procedural synthesis (data/generate_corpus.py),2026-09-23,5.692,16000,1,outdoor,lavalier_mic,medium,original,,,,19431ad12b625de5283e30cb39ea1d22638603e3e9063c91414e8c711015ff24,,3072806375,synthetic,outdoor_street,9.19,quiet,moderate,intensity=quiet;interference=moderate;distance_band=mid_3-15m;synthetic=true
SS-AGG-0728,synthetic/aggression/SS-AGG-0728.wav,Aggression,procedural_synthesis:data/generate_corpus.py,,CC0-1.0,sonicsentinel procedural synthesis (data/generate_corpus.py),2026-09-23,1.721,16000,1,indoor,smartphone_builtin,far,original,,,,58f96816871ff97fdca976b6bec85a9ca515faa8cbeacc248dd7ce77ab7b1c0a,,557028419,synthetic,indoor_room,35.6,normal,moderate,intensity=normal;interference=moderate;distance_band=far_20-60m;synthetic=true
SS-AGG-0729,synthetic/aggression/SS-AGG-0729.wav,Aggression,procedural_synthesis:data/generate_corpus.py,,CC0-1.0,sonicsentinel procedural synthesis (data/generate_corpus.py),2026-09-23,3.012,16000,1,outdoor,tablet_builtin,near,original,,,,538f77a27af0bae947843bd14d8c9a35550eb1da75350a49d9cc27292ad6d586,,1072927637,synthetic,outdoor_street,1.35,normal,clean,intensity=normal;interference=clean;distance_band=near_0.5-2m;synthetic=true
SS-AGG-0730,synthetic/aggression/SS-AGG-0730.wav,Aggression,procedural_synthesis:data/generate_corpus.py,,CC0-1.0,sonicsentinel procedural synthesis (data/generate_corpus.py),2026-09-23,3.855,16000,1,outdoor,usb_condenser_mic,medium,original,,,,836845e9fc0076ce7123cba3e6e56b948981f3df10c9be7e6c0abd554344ff92,,3795695815,synthetic,outdoor_open,4.63,normal,noisy,intensity=normal;interference=noisy;distance_band=mid_3-15m;synthetic=true
SS-AGG-0731,synthetic/aggression/SS-AGG-0731.wav,Aggression,procedural_synthesis:data/generate_corpus.py,,CC0-1.0,sonicsentinel procedural synthesis (data/generate_corpus.py),2026-09-23,5.759,16000,1,indoor,smartphone_builtin,medium,original,,,,6c9d537ac9a751c5f81a65022fabe3000f3733d17cd43c67685a5237b02c0271,,3395158876,synthetic,indoor_room,5.15,clipped,noisy,intensity=clipped;interference=noisy;distance_band=mid_3-15m;synthetic=true
SS-AGG-0732,synthetic/aggression/SS-AGG-0732.wav,Aggression,procedural_synthesis:data/generate_corpus.py,,CC0-1.0,sonicsentinel procedural synthesis (data/generate_corpus.py),2026-09-23,2.686,16000,1,vehicle,tablet_builtin,medium,original,,,,32ad49e28abf81a45737e7ced36fc246a2c4fcd298daad8e18ec6c0c55e17c41,,301929699,synthetic,car_interior,9.37,normal,moderate,intensity=normal;interference=moderate;distance_band=mid_3-15m;synthetic=true
SS-AGG-0733,synthetic/aggression/SS-AGG-0733.wav,Aggression,procedural_synthesis:data/generate_corpus.py,,CC0-1.0,sonicsentinel procedural synthesis (data/generate_corpus.py),2026-09-23,4.629,44100,2,vehicle,field_recorder,far,original,,,,3f9fcbaf0e3f310336bd9cde035de359da6ded084e29809481bb93d0812933d2,,1603635529,synthetic,car_interior,34.36,loud,moderate,intensity=loud;interference=moderate;distance_band=far_20-60m;synthetic=true
SS-AGG-0734,synthetic/aggression/SS-AGG-0734.wav,Aggression,procedural_synthesis:data/generate_corpus.py,,CC0-1.0,sonicsentinel procedural synthesis (data/generate_corpus.py),2026-09-23,4.207,16000,1,outdoor,tablet_builtin,far,original,,,,a607821b08f6e99fdd582a155472b4208bf6a36825cf16804b396f4367df0b60,,3358932623,synthetic,outdoor_street,33.94,clipped,clean,intensity=clipped;interference=clean;distance_band=far_20-60m;synthetic=true
SS-AGG-0735,synthetic/aggression/SS-AGG-0735.wav,Aggression,procedural_synthesis:data/generate_corpus.py,,CC0-1.0,sonicsentinel procedural synthesis (data/generate_corpus.py),2026-09-23,4.017,16000,1,indoor,lavalier_mic,near,original,,,,eaa08149cb85a82951614f5480aa5b126771f6c736e4ac39f71424679f90782a,,1855980905,synthetic,indoor_room,1.0,loud,noisy,intensity=loud;interference=noisy;distance_band=near_0.5-2m;synthetic=true
SS-AGG-0736,synthetic/aggression/SS-AGG-0736.wav,Aggression,procedural_synthesis:data/generate_corpus.py,,CC0-1.0,sonicsentinel procedural synthesis (data/generate_corpus.py),2026-09-23,5.916,16000,1,outdoor,usb_condenser_mic,medium,original,,,,dfb0a9170ca07b22758564fd9aec7f7ddcd48e0bb386d6fc3c0bd72593767128,,18659135,synthetic,outdoor_open,6.31,loud,clean,intensity=loud;interference=clean;distance_band=mid_3-15m;synthetic=true
SS-AGG-0737,synthetic/aggression/SS-AGG-0737.wav,Aggression,procedural_synthesis:data/generate_corpus.py,,CC0-1.0,sonicsentinel procedural synthesis (data/generate_corpus.py),2026-09-23,2.865,16000,1,outdoor,usb_condenser_mic,near,original,,,,8a99158a982c72cc9b91d52f2fd42991eb925d91b9499afdf41233c6e47b3488,,3518550780,synthetic,outdoor_street,0.6,loud,moderate,intensity=loud;interference=moderate;distance_band=near_0.5-2m;synthetic=true
SS-AGG-0738,synthetic/aggression/SS-AGG-0738.wav,Aggression,procedural_synthesis:data/generate_corpus.py,,CC0-1.0,sonicsentinel procedural synthesis (data/generate_corpus.py),2026-09-23,3.901,16000,1,outdoor,cctv_mic,near,original,,,,bab4c78e08ae899bda0189e4e3d2e89a8025820b1c4fca5f2a4584835a65e397,,3977795814,synthetic,outdoor_open,1.99,loud,moderate,intensity=loud;interference=moderate;distance_band=near_0.5-2m;synthetic=true
SS-AGG-0739,synthetic/aggression/SS-AGG-0739.wav,Aggression,procedural_synthesis:data/generate_corpus.py,,CC0-1.0,sonicsentinel procedural synthesis (data/generate_corpus.py),2026-09-23,2.078,16000,1,indoor,smartphone_builtin,medium,original,,,,fce4f86e82c60fc0f7ae99571f37b00fd86e8e7a2b0e42095764019179908b70,,375103137,synthetic,indoor_hall,6.46,normal,clean,intensity=normal;interference=clean;distance_band=mid_3-15m;synthetic=true
SS-SCR-0700,synthetic/panic_scream/SS-SCR-0700.wav,Panic Scream,procedural_synthesis:data/generate_corpus.py,,CC0-1.0,sonicsentinel procedural synthesis (data/generate_corpus.py),2026-09-23,4.884,16000,1,outdoor,usb_condenser_mic,near,original,,,,ddb737d2bcc2d64f117432cb322d4ab9654834633016f3779407756ca76d39aa,,2833747479,synthetic,outdoor_open,1.17,quiet,noisy,intensity=quiet;interference=noisy;distance_band=near_0.5-2m;synthetic=true
SS-SCR-0701,synthetic/panic_scream/SS-SCR-0701.wav,Panic Scream,procedural_synthesis:data/generate_corpus.py,,CC0-1.0,sonicsentinel procedural synthesis (data/generate_corpus.py),2026-09-23,2.039,16000,1,outdoor,tablet_builtin,near,original,,,,6d1766903f96b56976772fec848f1cd92d4da8bc67a9ce305e3964501f528b6b,,2996198282,synthetic,outdoor_open,1.96,normal,moderate,intensity=normal;interference=moderate;distance_band=near_0.5-2m;synthetic=true
SS-SCR-0702,synthetic/panic_scream/SS-SCR-0702.wav,Panic Scream,procedural_synthesis:data/generate_corpus.py,,CC0-1.0,sonicsentinel procedural synthesis (data/generate_corpus.py),2026-09-23,2.288,16000,1,indoor,usb_condenser_mic,far,original,,,,9f2f6f547af4135ae751e7307b8179a6de631e32cfe97f36d34f35a05f608173,,3766333507,synthetic,indoor_room,46.13,normal,moderate,intensity=normal;interference=moderate;distance_band=far_20-60m;synthetic=true
SS-SCR-0703,synthetic/panic_scream/SS-SCR-0703.wav,Panic Scream,procedural_synthesis:data/generate_corpus.py,,CC0-1.0,sonicsentinel procedural synthesis (data/generate_corpus.py),2026-09-23,2.584,16000,1,indoor,smartphone_builtin,far,original,,,,fff837eb6c5b8d163acc67998b315c64b11f6a1be8d4da0b7cb22a2fa7fee1f2,,1943893963,synthetic,indoor_hall,21.62,loud,moderate,intensity=loud;interference=moderate;distance_band=far_20-60m;synthetic=true
SS-SCR-0704,synthetic/panic_scream/SS-SCR-0704.wav,Panic Scream,procedural_synthesis:data/generate_corpus.py,,CC0-1.0,sonicsentinel procedural synthesis (data/generate_corpus.py),2026-09-23,2.7,16000,1,outdoor,tablet_builtin,near,original,,,,58b71bc85df2140c7d92a391f66b76c76245e97af8a68bcec56d7126e7f0cfbe,,4252149739,synthetic,outdoor_street,1.75,loud,moderate,intensity=loud;interference=moderate;distance_band=near_0.5-2m;synthetic=true
SS-SCR-0705,synthetic/panic_scream/SS-SCR-0705.wav,Panic Scream,procedural_synthesis:data/generate_corpus.py,,CC0-1.0,sonicsentinel procedural synthesis (data/generate_corpus.py),2026-09-23,1.724,16000,1,indoor,smartphone_builtin,near,original,,,,3333137cca0ae60d6126476ef72b1b73bde25456ca8ad514e3e4c2fccec1dde1,,1063860759,synthetic,indoor_room,0.55,normal,clean,intensity=normal;interference=clean;distance_band=near_0.5-2m;synthetic=true
SS-SCR-0706,synthetic/panic_scream/SS-SCR-0706.wav,Panic Scream,procedural_synthesis:data/generate_corpus.py,,CC0-1.0,sonicsentinel procedural synthesis (data/generate_corpus.py),2026-09-23,5.57,16000,1,outdoor,field_recorder,far,original,,,,9fcb25d06ac458b4e87cd7a9e31c11ab40b46445f17d8075062237c98a6ba1eb,,2803154124,synthetic,outdoor_open,30.7,quiet,noisy,intensity=quiet;interference=noisy;distance_band=far_20-60m;overlap_with=Machinery Fault;synthetic=true
SS-SCR-0707,synthetic/panic_scream/SS-SCR-0707.wav,Panic Scream,procedural_synthesis:data/generate_corpus.py,,CC0-1.0,sonicsentinel procedural synthesis (data/generate_corpus.py),2026-09-23,1.928,16000,1,outdoor,tablet_builtin,near,original,,,,3e86447fe737673546b09af70f11954f0af212d4c00d8da8b4672629d5893d35,,4257762175,synthetic,outdoor_street,1.89,loud,noisy,intensity=loud;interference=noisy;distance_band=near_0.5-2m;synthetic=true
SS-SCR-0708,synthetic/panic_scream/SS-SCR-0708.wav,Panic Scream,procedural_synthesis:data/generate_corpus.py,,CC0-1.0,sonicsentinel procedural synthesis (data/generate_corpus.py),2026-09-23,3.034,16000,1,outdoor,smartphone_builtin,medium,original,,,,88cb76760a9a431ced16a60bd3733a104b15dded78de17108b7653e4cbc274f3,,1445743696,synthetic,outdoor_open,8.79,normal,noisy,intensity=normal;interference=noisy;distance_band=mid_3-15m;synthetic=true
SS-SCR-0709,synthetic/panic_scream/SS-SCR-0709.wav,Panic Scream,procedural_synthesis:data/generate_corpus.py,,CC0-1.0,sonicsentinel procedural synthesis (data/generate_corpus.py),2026-09-23,5.223,48000,2,outdoor,field_recorder,medium,original,,,,64517baa041d267970f859d914f7e3bf68bd591d88cb27e5f8e362232f174624,,2627301917,synthetic,outdoor_street,13.44,quiet,moderate,intensity=quiet;interference=moderate;distance_band=mid_3-15m;synthetic=true
SS-SCR-0710,synthetic/panic_scream/SS-SCR-0710.wav,Panic Scream,procedural_synthesis:data/generate_corpus.py,,CC0-1.0,sonicsentinel procedural synthesis (data/generate_corpus.py),2026-09-23,3.973,16000,1,indoor,cctv_mic,far,original,,,,8b858ad4cc96a29a682fafedea32604484e8b6797f3a678cdcf21c5238e441d6,,2377272683,synthetic,indoor_room,55.51,loud,moderate,intensity=loud;interference=moderate;distance_band=far_20-60m;synthetic=true
SS-SCR-0711,synthetic/panic_scream/SS-SCR-0711.wav,Panic Scream,procedural_synthesis:data/generate_corpus.py,,CC0-1.0,sonicsentinel procedural synthesis (data/generate_corpus.py),2026-09-23,4.433,16000,1,vehicle,cctv_mic,near,original,,,,a577bf636e765a46389b8c5dee3f317333d29e54ea72ac472242b33cb7942129,,2935869278,synthetic,car_interior,0.64,clipped,moderate,intensity=clipped;interference=moderate;distance_band=near_0.5-2m;overlap_with=Aggression;synthetic=true
SS-SCR-0712,synthetic/panic_scream/SS-SCR-0712.wav,Panic Scream,procedural_synthesis:data/generate_corpus.py,,CC0-1.0,sonicsentinel procedural synthesis (data/generate_corpus.py),2026-09-23,3.734,16000,1,indoor,smartphone_builtin,near,original,,,,65975ceeb0e431c8217889d9472b87e6f23526abe468416b92ef9d9f8838c8a5,,3828849737,synthetic,indoor_room,0.7,normal,moderate,intensity=normal;interference=moderate;distance_band=near_0.5-2m;synthetic=true
SS-SCR-0713,synthetic/panic_scream/SS-SCR-0713.wav,Panic Scream,procedural_synthesis:data/generate_corpus.py,,CC0-1.0,sonicsentinel procedural synthesis (data/generate_corpus.py),2026-09-23,2.577,16000,1,indoor,lavalier_mic,medium,original,,,,ec97e849615e99133935885dd7cc5c0b62a091eda5529ea48a47b789f1fe3cd1,,1597671677,synthetic,indoor_hall,13.69,normal,clean,intensity=normal;interference=clean;distance_band=mid_3-15m;synthetic=true
SS-SCR-0714,synthetic/panic_scream/SS-SCR-0714.wav,Panic Scream,procedural_synthesis:data/generate_corpus.py,,CC0-1.0,sonicsentinel procedural synthesis (data/generate_corpus.py),2026-09-23,5.834,48000,1,outdoor,lavalier_mic,medium,original,,,,4cbfa5376af621f8b0a078f6eb57c93343a0f12706eee94fd04157a3b21d867c,,2980731048,synthetic,outdoor_street,4.53,loud,clean,intensity=loud;interference=clean;distance_band=mid_3-15m;overlap_with=Vehicle Horn;synthetic=true
SS-SCR-0715,synthetic/panic_scream/SS-SCR-0715.wav,Panic Scream,procedural_synthesis:data/generate_corpus.py,,CC0-1.0,sonicsentinel procedural synthesis (data/generate_corpus.py),2026-09-23,3.779,16000,1,outdoor,smartphone_builtin,medium,original,,,,7002c307cf545c6272cc655cbe38ff202d95231dc62c103f4a830054b3428710,,2578659327,synthetic,outdoor_street,7.56,loud,noisy,intensity=loud;interference=noisy;distance_band=mid_3-15m;synthetic=true
SS-SCR-0716,synthetic/panic_scream/SS-SCR-0716.wav,Panic Scream,procedural_synthesis:data/generate_corpus.py,,CC0-1.0,sonicsentinel procedural synthesis (data/generate_corpus.py),2026-09-23,2.242,44100,1,outdoor,smartphone_builtin,near,original,,,,280459c141dfd376950ba7853a6d777742c4bd5f236fbee4a1ae1b5b8e5150f2,,3229970912,synthetic,outdoor_street,1.15,normal,noisy,intensity=normal;interference=noisy;distance_band=near_0.5-2m;synthetic=true
SS-SCR-0717,synthetic/panic_scream/SS-SCR-0717.wav,Panic Scream,procedural_synthesis:data/generate_corpus.py,,CC0-1.0,sonicsentinel procedural synthesis (data/generate_corpus.py),2026-09-23,4.376,16000,1,outdoor,smartphone_builtin,near,original,,,,972d9f2a7b66f9c21e59cdf38fe3257152c95edda71242b0bbea514cf59fccdd,,1473920543,synthetic,outdoor_street,1.58,normal,moderate,intensity=normal;interference=moderate;distance_band=near_0.5-2m;synthetic=true
SS-SCR-0718,synthetic/panic_scream/SS-SCR-0718.wav,Panic Scream,procedural_synthesis:data/generate_corpus.py,,CC0-1.0,sonicsentinel procedural synthesis (data/generate_corpus.py),2026-09-23,1.945,48000,2,outdoor,usb_condenser_mic,near,original,,,,1bd58a6e63e5888a4f1b34409783bad9741b49faecd06d119439ce35f3505edd,,484154607,synthetic,outdoor_open,0.54,loud,clean,intensity=loud;interference=clean;distance_band=near_0.5-2m;synthetic=true
SS-SCR-0719,synthetic/panic_scream/SS-SCR-0719.wav,Panic Scream,procedural_synthesis:data/generate_corpus.py,,CC0-1.0,sonicsentinel procedural synthesis (data/generate_corpus.py),2026-09-23,1.863,16000,1,outdoor,tablet_builtin,medium,original,,,,2e0f52d2b231d1fd9a5be91b0d1808a5b4f25c4482fea5d767278fba8c036df8,,833672301,synthetic,outdoor_open,13.07,clipped,moderate,intensity=clipped;interference=moderate;distance_band=mid_3-15m;synthetic=true
SS-SCR-0720,synthetic/panic_scream/SS-SCR-0720.wav,Panic Scream,procedural_synthesis:data/generate_corpus.py,,CC0-1.0,sonicsentinel procedural synthesis (data/generate_corpus.py),2026-09-23,5.648,16000,1,indoor,cctv_mic,far,original,,,,0faeeb92cbdce3f4f5cac310a3b81058bb091f86b982877662ba2aa03e88d1c1,,1556579784,synthetic,indoor_room,46.28,loud,moderate,intensity=loud;interference=moderate;distance_band=far_20-60m;overlap_with=Aggression;synthetic=true
SS-SCR-0721,synthetic/panic_scream/SS-SCR-0721.wav,Panic Scream,procedural_synthesis:data/generate_corpus.py,,CC0-1.0,sonicsentinel procedural synthesis (data/generate_corpus.py),2026-09-23,2.149,16000,1,outdoor,cctv_mic,near,original,,,,6628424577fd0e80c74c1965f2f4f65b9af3e344619c2b9f78470051a8da2161,,1810656073,synthetic,outdoor_open,1.99,loud,moderate,intensity=loud;interference=moderate;distance_band=near_0.5-2m;synthetic=true
SS-SCR-0722,synthetic/panic_scream/SS-SCR-0722.wav,Panic Scream,procedural_synthesis:data/generate_corpus.py,,CC0-1.0,sonicsentinel procedural synthesis (data/generate_corpus.py),2026-09-23,3.548,16000,1,indoor,smartphone_builtin,far,original,,,,2c861634a9ea9e022bf1ca9e797cc36dfe5ae1c7375ad7fb0f10705c2715260a,,910363570,synthetic,indoor_hall,24.38,loud,moderate,intensity=loud;interference=moderate;distance_band=far_20-60m;synthetic=true
SS-SCR-0723,synthetic/panic_scream/SS-SCR-0723.wav,Panic Scream,procedural_synthesis:data/generate_corpus.py,,CC0-1.0,sonicsentinel procedural synthesis (data/generate_corpus.py),2026-09-23,5.327,16000,1,outdoor,smartphone_builtin,medium,original,,,,4d5c4975f5009a9f3f5d22cf60b8dacc6548aad66ec07a921103e8dc45c7d773,,2046494409,synthetic,outdoor_street,5.02,loud,clean,intensity=loud;interference=clean;distance_band=mid_3-15m;synthetic=true
